{
    "src/addons/USIPS/NCMEC/addon.json": "8e8c057378735b475681c45c8bc57b2a2d887a41839e8879223d42a453b46c45",
    "src/addons/USIPS/NCMEC/Admin/Controller/ApiLogController.php": "9b838c61312a958196748fa1e8e540f92d268ad8c68b7845185567a21d07a0da",
    "src/addons/USIPS/NCMEC/Admin/Controller/AttachmentController.php": "8ab7ddc48c172c7645c1c74ec0ebab4ca7aacdf3cc6dea0f7e24604bf36f2b9f",
    "src/addons/USIPS/NCMEC/Admin/Controller/AttachmentDataController.php": "652467e99d83100b9e219dfeaeea171b93a5ff0f82f560a188c72a2a8137c161",
    "src/addons/USIPS/NCMEC/Admin/Controller/AttachmentDeliveryTrait.php": "86e45fb25114e55a22c1e01c365545e5f8cd01a2f86c435495e2142d4ad26876",
    "src/addons/USIPS/NCMEC/Admin/Controller/CaseController.php": "2bab8e1ea2596e0fc407d96ab767fee88ff32f3f6728f8ac44383de1700ab16b",
    "src/addons/USIPS/NCMEC/Admin/Controller/DashboardController.php": "359ff9228fe692414cbf4cd767ec47ff5f1d6de4dbf3b721937890b5301baaa8",
    "src/addons/USIPS/NCMEC/Admin/Controller/IncidentContentController.php": "fd13a3ede9c0f8d94901b89e2e78296b7fc3395bef4dceaebf6ba69a6c1fa25a",
    "src/addons/USIPS/NCMEC/Admin/Controller/IncidentController.php": "2ede6e1cc554fa57404a50a60fea21a416d3c65aeebcaf97af2475b2acdf227d",
    "src/addons/USIPS/NCMEC/Admin/Controller/IncidentUserController.php": "2b87e61341bbfb1814d708ac0dc8627e80c0d38254d53d17fa042f61d38493c3",
    "src/addons/USIPS/NCMEC/Admin/Controller/PersonController.php": "ccf668fb38ec7d6f84cfadeda8c080b1f1ba3ffb1ad47d866294c9253c3110e9",
    "src/addons/USIPS/NCMEC/Admin/Controller/ReportController.php": "ac36470fe201e593d6987f70103cafeccee0570cf72fc22ffdbb9781f893b9ed",
    "src/addons/USIPS/NCMEC/Admin/View/Attachment/Send.php": "af41d435b9a7d10766a1723897a4d3fcc0d15eb02fa29c6b090f9189bb031fca",
    "src/addons/USIPS/NCMEC/Cli/Command/GenerateTestData.php": "055b57d54133a0d148871485c7d7e7a8e68abd5a6f917d41ed081d2f3d050fc7",
    "src/addons/USIPS/NCMEC/Entity/ApiLog.php": "ae518f9686b32b1226577b641343ae9b0864028d0509ec00656d9f7e1d59ed2c",
    "src/addons/USIPS/NCMEC/Entity/CaseFile.php": "966421ea1ddd72d8ed32c5827e19b285890b494a99eb63d84ef1a8e41a53380d",
    "src/addons/USIPS/NCMEC/Entity/Incident.php": "a0b2f9598b4e5212043ff0a3a3317f3b848cb7f75a77a3aa7b9ba3a518d26ba6",
    "src/addons/USIPS/NCMEC/Entity/IncidentAttachmentData.php": "abf5b1774be10787eda83d6b65fc65a549e6e8672196d23091c1fb6e6b76f7e4",
    "src/addons/USIPS/NCMEC/Entity/IncidentContent.php": "ee9f827da7a632f400dd8cdaa667aa343a8820d57ec1960b95d2cd8917c69a0e",
    "src/addons/USIPS/NCMEC/Entity/IncidentUser.php": "187faf874c637abca1d331c84ef6728104c7d4aae3845d1049146b5410be51fe",
    "src/addons/USIPS/NCMEC/Entity/Person.php": "891331b53d948502ad66d0b9a2a982437a3c020f08d0b4dcbbca1948562aabae",
    "src/addons/USIPS/NCMEC/Entity/Report.php": "00fef9f65c148868a5a1bcbfcc8fa750d612ecd4ad4a9160d55cc47c89f314b2",
    "src/addons/USIPS/NCMEC/Entity/ReportFile.php": "d36c23a51e5fa126ea4245734814f8395aee000fe7a680fc16bd83c09055ab17",
    "src/addons/USIPS/NCMEC/Job/AssociateAttachmentData.php": "773383e1d0a4ec00686d9ba05bc6d85882493061f5f456024f2c2736bf7c3cb9",
    "src/addons/USIPS/NCMEC/Job/AssociateContent.php": "5604c63eba5bb36457bc34e73acd4b646722e97e8b22cfcea43e646d13a32e9c",
    "src/addons/USIPS/NCMEC/Job/AssociateUser.php": "90a8e9e1b515d4a39d5ab16374656c9d38d4662a3f27c3993b04b7df870c07cf",
    "src/addons/USIPS/NCMEC/Job/DisassociateAttachmentData.php": "f6f3176d3e25d1c525d26941fe15be947c9f0ed436d7559c783f2c81310aab6c",
    "src/addons/USIPS/NCMEC/Job/DisassociateContent.php": "656297915a4cf3b28410c1d536deb5998bfd5aa8d6d4d70594c18f289654bbc1",
    "src/addons/USIPS/NCMEC/Job/DisassociateUser.php": "acc38f40059b1f6b174e471116c782abfc9095bb367335091778a2a783fd605e",
    "src/addons/USIPS/NCMEC/Job/FinalizeCase.php": "4fcdce5543c56b8a5f2b1628fb82d1ed6551b7545ecbc505e701d848ac4038a3",
    "src/addons/USIPS/NCMEC/LICENSE": "fadb502472790ca7c3e1b82717e4aef2700be89768b9273021919f844dd2306d",
    "src/addons/USIPS/NCMEC/Listener.php": "509fe8b6d06e082f7d0d12a6303525f961626e2f5e9b0fde0c8e90f0ba73ee54",
    "src/addons/USIPS/NCMEC/Option/ReporterContactPerson.php": "9017193ce56558ac9375b6b92f6abc1ee8c9376b0139a1d16f6a403ff35d801b",
    "src/addons/USIPS/NCMEC/README.md": "5c12a88500ef524cde0e151a867d7e3b14805efffd387fd0eaef7c0feace8254",
    "src/addons/USIPS/NCMEC/Repository/IncidentRepository.php": "715e909b4468772a5041316fa8bc24408b60b1eddbd8569158ee79501b28c7cb",
    "src/addons/USIPS/NCMEC/Repository/Preservation.php": "d6912d7edc5bac02a97bb15ae2ea3a8bce55836d2b14f3698726b3c8a95fe8b3",
    "src/addons/USIPS/NCMEC/Repository/ReportRepository.php": "61ef6f7c9fe67af5580df35f76d832308e012d5996bac2c88e5badc130fd2017",
    "src/addons/USIPS/NCMEC/Repository/UserMediaVisibility.php": "7222d20f7237f7e4f735fed212821c32d595b021fbc982d72660a24298ca38eb",
    "src/addons/USIPS/NCMEC/Service/Api/Client.php": "eb16df91fc0b75c95cb8e8d6c5735978232e8174d92d9da7ca5d959245ca74ae",
    "src/addons/USIPS/NCMEC/Service/Configurer.php": "3053824a1dc739c64dc23a19d5282ce832d35d1e26848bc414178eb819a63e50",
    "src/addons/USIPS/NCMEC/Service/Incident/AbstractFlagger.php": "67982d4a5a9f09e637f5b0bf0c77ecc5a6862d3af95929b093034c4c5e9a2167",
    "src/addons/USIPS/NCMEC/Service/Incident/AttachmentManager.php": "2f173440dbd8e902b887cc81ec8b7cca799a40a0f95f0de5f1b794be01b16910",
    "src/addons/USIPS/NCMEC/Service/Incident/Creator.php": "2e5f567bd3f93d072725be9434ee1ea2eea2fc3109fbfbe1b6ce49e493e59097",
    "src/addons/USIPS/NCMEC/Service/Incident/Deleter.php": "2f8c70d2856eb03895879b2de1e3befb533bbb4c7a6b59f088c3ae654fe19390",
    "src/addons/USIPS/NCMEC/Service/Incident/ModeratorFlagger.php": "4d16ebe43010c05112c28b3ef34e0a5ef813febd7edcfc3295a59efc596e2671",
    "src/addons/USIPS/NCMEC/Service/Incident/ReportFlagger.php": "a3aa0a3c8e6ed240ae069d72ef88432011ba9fa5b013f421d8061808757a8cce",
    "src/addons/USIPS/NCMEC/Service/Incident/UserContentSelector.php": "06769044896a872f63cb6e374bdcc6cb2bd5b5ee830eaa480821595fd3d71f53",
    "src/addons/USIPS/NCMEC/Service/Report/Submitter.php": "8f2f118ce6f826cfa746284a913d97d97ecd85eb4bfa4ef80758651387bbbcaf",
    "src/addons/USIPS/NCMEC/Service/UserField.php": "a57ce5ec51a59e3f6702b3ade9a3629d250029d6f9cc6a12a2f65600bd37cc11",
    "src/addons/USIPS/NCMEC/Service/UserPromotion.php": "f0254026260d119ed010d2bb291dbb61448e235c6d3436eaee8b4f023c30ac04",
    "src/addons/USIPS/NCMEC/Setup.php": "bdf68d5f06ad58fbc0ce25a3f43d92254a3719080c4bd74eb32d6f99219401d0",
    "src/addons/USIPS/NCMEC/Util/TimeLimit.php": "60810c97a4cfbeeed034598ab9750d0b6d9e3ade164da7365869ea0efd35d7b8",
    "src/addons/USIPS/NCMEC/XF/Admin/Controller/Attachment.php": "e3b0c44298fc1c149afbf4c8996fb92427ae41e4649b934ca495991b7852b855",
    "src/addons/USIPS/NCMEC/XF/Admin/Controller/UserController.php": "149d47a38dd440f94280581569a12b57083181ed78dacaa748bd2dd1761907ff",
    "src/addons/USIPS/NCMEC/XF/ApprovalQueue/FlagCsamActionTrait.php": "5187f0c4d83a46e5243ad731521867f02a94e39de1bb7cf05d6fe10462e7a921",
    "src/addons/USIPS/NCMEC/XF/ApprovalQueue/PostHandler.php": "9dbe199804773cebd2144c633f3cbd5e61746e254e2e10a2d30f6f0f3813e3c0",
    "src/addons/USIPS/NCMEC/XF/ApprovalQueue/ProfilePostCommentHandler.php": "711391764625a93d065f75181c262bf587d9c798137d6f25e2db7305975e70a1",
    "src/addons/USIPS/NCMEC/XF/ApprovalQueue/ProfilePostHandler.php": "4941373e544a5e5b26c20d576a6002d2e5a402b4f8f0668185c385fc4a120bbf",
    "src/addons/USIPS/NCMEC/XF/ApprovalQueue/ThreadHandler.php": "3810601e820fa68c2736925ea2456a44556478678a575795131ba52af478db04",
    "src/addons/USIPS/NCMEC/XF/ControllerPlugin/ReportPlugin.php": "156499176c44103f1cab82d6c89116a9bab317ac4ac6930124b874f095665e14",
    "src/addons/USIPS/NCMEC/XF/Entity/ApprovalQueue.php": "ebe92cf87f62c1aa9a485b6b2c18dce6bf6265a23bad8b1f9355fec4efe01356",
    "src/addons/USIPS/NCMEC/XF/Entity/Attachment.php": "b2e6dc6bd52446a9597c4e1b775ae9f51d5087bbe9be359f04daccf2681f6b1b",
    "src/addons/USIPS/NCMEC/XF/Entity/AttachmentData.php": "f42346b7f1100a91e126d994d9666fb95d175116b4526e62163c942e1b35fcce",
    "src/addons/USIPS/NCMEC/XF/Entity/User.php": "7bf9332fd13b660fa5f34b57d79052dead02ab987efd4f8fb0b1a8fc37d08072",
    "src/addons/USIPS/NCMEC/XF/Entity/UserProfile.php": "063b57ee584d9fb281a24b6bb7cd7919eb98c71becf690a0f91b77b27de9c8c4",
    "src/addons/USIPS/NCMEC/XF/Finder/Post.php": "091d80b287964aeab19a19ca5b618b3bb6543581f82521dd00819ac7b8167fb3",
    "src/addons/USIPS/NCMEC/XF/Finder/Thread.php": "b5cb955e0231c6ba1953f5c286858eaf8eb54ec97ddf3828c39d6b6853a3d5c5",
    "src/addons/USIPS/NCMEC/XF/Pub/Controller/ReportController.php": "1b1982578dad94aae2b84cecdc17db1671dc033d814300a387ab65e11b4702ff",
    "src/addons/USIPS/NCMEC/XF/Repository/ChangeLog.php": "4fe2fedff874035d7a7c5b9733b08456800e94eaed9c2f001b557ff18646a684",
    "src/addons/USIPS/NCMEC/XF/Repository/ConversationMessage.php": "1d6f95c42fe5e8fda5e7172eb561158b0c0407cd7939d2b6fe873a470f5bd15f",
    "src/addons/USIPS/NCMEC/XF/Repository/Ip.php": "fb7437f2c75e764d2424cb07f56ae40e56410ebd76df69cf851fa5c5722f3bde",
    "src/addons/USIPS/NCMEC/XF/Repository/ProfilePost.php": "e5277fecc057d257f38950e67a0ffae739c5569c9f9ecce020643d9fce75de73",
    "src/addons/USIPS/NCMEC/XF/Service/Report/CreatorService.php": "ef59ed10a64c5912ae935f6b3fb064ace2204bd36f187c2367ae86b29d54d707",
    "src/addons/USIPS/NCMEC/XF/Service/Report/NotifierService.php": "3346388ea4b89405967768efb23a94490bcee74a0314fac876f9dffc8c54ceec",
    "src/addons/USIPS/NCMEC/XFMG/Finder/Album.php": "c5d62568365c97517ab7a6a776502866c6e6e666976e04549f2170a657fe17e4",
    "src/addons/USIPS/NCMEC/XFMG/Finder/Comment.php": "96f8833c2c18ea1612dbad9afa356bc16df2a0f3a3b876ddb4c015dcece91599",
    "src/addons/USIPS/NCMEC/XFMG/Finder/MediaItem.php": "974fc82c6e819fb377c57263ba71e3ff7432c596b22096bbeba6b42e2940bf69",
    "src/addons/USIPS/NCMEC/XFRM/Finder/ResourceUpdate.php": "51246d5f5c96dd75a7df705a6463abec5b039529218c71acecdf5610fa684f04",
    "src/addons/USIPS/NCMEC/_data/activity_summary_definitions.xml": "99d8c2563a31320d66f958fc8bda78613545f5f7959bb3cf5318805e3a3c39d2",
    "src/addons/USIPS/NCMEC/_data/admin_navigation.xml": "c913d9835fd4c2fe7ff6401f0b71211574c0144440fd27f72827b518b391385a",
    "src/addons/USIPS/NCMEC/_data/admin_permission.xml": "719ad61a3181d41c4d9110f11750138e2970ae3668365eb64b66030e2bcc31a5",
    "src/addons/USIPS/NCMEC/_data/admin_templates/option_template_usipsNcmecApiConfig.xml": "3792b694374c1c0f26ceab300ae9f31b367b350ca1e397d13c94ddf69d997613",
    "src/addons/USIPS/NCMEC/_data/advertising_positions.xml": "d2f7cbe844bb1df3cf878d22ff6306249245c8ff6b0b87b9b729744bec538261",
    "src/addons/USIPS/NCMEC/_data/api_scopes.xml": "6793eaf758f140e8137187ba20e65f4faccf53410433ae3ad7a8b3b38cb6b3b7",
    "src/addons/USIPS/NCMEC/_data/bb_codes.xml": "faa4ddd5f4a365e5ac39aebdcbe2d25aedf74e7eb9ea4a812766e2fd5e13bdb1",
    "src/addons/USIPS/NCMEC/_data/bb_code_media_sites.xml": "29762987990187b33e43cfb68c08dc917b2d3f0176613d78f8e6c453f82da3f3",
    "src/addons/USIPS/NCMEC/_data/class_extensions.xml": "c4190933d9fccad20f1b1c80cdbb1b3487c0dd1d5da57acd095ed2cf236f27a3",
    "src/addons/USIPS/NCMEC/_data/code_events.xml": "8370dec3df47f91df4cf79da253446ad11b29f4ea568fe76c774e97a0379f0eb",
    "src/addons/USIPS/NCMEC/_data/code_event_listeners.xml": "972e2b8a93de4ec6a251e5634dbc1dc265d6e828350b0462c68929ecf3bcc6b5",
    "src/addons/USIPS/NCMEC/_data/content_type_fields.xml": "c7ad5472b28f465b7ac7617627707eba1b7a39d28089460d52e1ed292fc0b06a",
    "src/addons/USIPS/NCMEC/_data/cron.xml": "323c4284742ef24329cd6db6f288eb9736d2353f36852e1db12591e1583aea26",
    "src/addons/USIPS/NCMEC/_data/help_pages.xml": "a8a0c0b06cdc550438bc8a8d385af3e1e5ab3459877dfb934c1c31be59c89163",
    "src/addons/USIPS/NCMEC/_data/member_stats.xml": "89fb2b93ff1eca7a1f6f752248edf6090dfd24037db1446fd18ff7143f08124d",
    "src/addons/USIPS/NCMEC/_data/navigation.xml": "f75e1c03a45a360bbdfcd0567121665082315068475d5b0feb8b1acbb1688651",
    "src/addons/USIPS/NCMEC/_data/options.xml": "b99b946c74be000604d9955d954c5cec72f1c68fe16b16f3b013bc242e7c05b2",
    "src/addons/USIPS/NCMEC/_data/option_groups.xml": "8a2cf67dae87b0a4e5a0446c8890448ff6771980f2d498ba9314d7336ef6ecc8",
    "src/addons/USIPS/NCMEC/_data/permissions.xml": "ee021a60d4501a944df6e5cc5e31164ea9fc1c2cac07e3ef4e302b4a2d992dd5",
    "src/addons/USIPS/NCMEC/_data/permission_interface_groups.xml": "3177224e96458b829aa7fb24866dda9e0455a4922aee3d669b53f59a1ffdf5d1",
    "src/addons/USIPS/NCMEC/_data/phrases.xml": "2a0827e9fb25bb57bf550c8bab11f77e3cf7994c710b0fab720ddd7170a09cba",
    "src/addons/USIPS/NCMEC/_data/routes.xml": "4e59fcb24662f1f85f20c04cf5e6d7bd59ab38a9ff4ead944235f6f1c4f76c1b",
    "src/addons/USIPS/NCMEC/_data/style_properties.xml": "8b8690a8512f01f219dd2da76e3d0c5f62afc1f317b87794a7331c859c36a7a8",
    "src/addons/USIPS/NCMEC/_data/style_property_groups.xml": "68e1879cb3846c42d978487aa8d5145ff3335fc39e58016878824d5cf3fd684c",
    "src/addons/USIPS/NCMEC/_data/templates.xml": "15350baaec7e00e976bb50a195a368eca885429e2a9a5bc325663c7c039d8e4e",
    "src/addons/USIPS/NCMEC/_data/template_modifications.xml": "c06ae3f779e39ba07f1d7e7b4f3d97942e8ee603159b920d398aa9a3dc527a18",
    "src/addons/USIPS/NCMEC/_data/widget_definitions.xml": "37e46965256430f24004c2e7f08ba08f9b0d1cbcc4d70e84b3f4e3ffb713e64b",
    "src/addons/USIPS/NCMEC/_data/widget_positions.xml": "a29cee66134f6bc5d75ed9df1eef21096c24401915c5b5c774389c3d7bb2d5b3",
    "src/addons/USIPS/NCMEC/_material/CyberTipline Reporting API Technical Documentation.html": "8a560aab4c688a2bfdf468b3a5447e3b9e413db0304b681044e6159e382d2ba9",
    "src/addons/USIPS/NCMEC/_material/NCMEC Report Validcation.xsd": "aee4c88099409b8a27d1403a5bc9bf0809bdc4819c079081abc1e2275efb392b",
    "src/addons/USIPS/NCMEC/_material/PLAW-115publ395.mhtml": "cf912cdf3fef1b72319264d2b8feed7f51aacfe5db1448cf52bea1cfaf4cf750",
    "src/addons/USIPS/NCMEC/_material/U.S.C. Title 18 - CRIMES AND CRIMINAL PROCEDURE.mhtml": "831fddc7c5646516b2360657cf30eff84e42044fc940a76a3ae52c399f552705"
}