<?xml version="1.0" encoding="utf-8"?>
<phrases>
  <phrase title="admin_navigation.usips_ncmec" version_id="0" version_string="1.0.0"><![CDATA[NCMEC]]></phrase>
  <phrase title="admin_navigation.usips_ncmec_api_log" version_id="0" version_string="1.0.0"><![CDATA[API logs]]></phrase>
  <phrase title="admin_navigation.usips_ncmec_attachment_lookup" version_id="0" version_string="1.0.0"><![CDATA[Attachment Lookup]]></phrase>
  <phrase title="admin_navigation.usips_ncmec_attachments" version_id="0" version_string="1.0.0"><![CDATA[Attachments]]></phrase>
  <phrase title="admin_navigation.usips_ncmec_attachments_latest" version_id="0" version_string="1.0.0"><![CDATA[Attachment Browser]]></phrase>
  <phrase title="admin_navigation.usips_ncmec_case" version_id="0" version_string="1.0.0"><![CDATA[Cases]]></phrase>
  <phrase title="admin_navigation.usips_ncmec_dashboard" version_id="0" version_string="1.0.0"><![CDATA[Dashboard]]></phrase>
  <phrase title="admin_navigation.usips_ncmec_incident" version_id="0" version_string="1.0.0"><![CDATA[Incidents]]></phrase>
  <phrase title="admin_navigation.usips_ncmec_logs_api_log" version_id="0" version_string="1.0.0"><![CDATA[NCMEC API log]]></phrase>
  <phrase title="admin_navigation.usips_ncmec_management" version_id="0" version_string="1.0.0"><![CDATA[Management]]></phrase>
  <phrase title="admin_navigation.usips_ncmec_people" version_id="0" version_string="1.0.0"><![CDATA[People]]></phrase>
  <phrase title="admin_navigation.usips_ncmec_report" version_id="0" version_string="1.0.0"><![CDATA[Reports]]></phrase>
  <phrase title="admin_permission.usips_ncmec" version_id="0" version_string="1.0.0"><![CDATA[Manage NCMEC incidents]]></phrase>
  <phrase title="invite_only_disabled" version_id="0" version_string="1.0.0"><![CDATA[Invitations no longer required]]></phrase>
  <phrase title="invite_only_enabled" version_id="0" version_string="1.0.0"><![CDATA[Invitations now required]]></phrase>
  <phrase title="option.usipsNcmecApi" version_id="0" version_string="1.0.0"><![CDATA[NCMEC API]]></phrase>
  <phrase title="option.usipsNcmecDefaultTimespan" version_id="0" version_string="1.0.0"><![CDATA[Default timespan]]></phrase>
  <phrase title="option.usipsNcmecReporterCompanyTemplate" version_id="0" version_string="1.0.0"><![CDATA[Company template]]></phrase>
  <phrase title="option.usipsNcmecReporterContactPerson" version_id="0" version_string="1.0.0"><![CDATA[Contact person]]></phrase>
  <phrase title="option_explain.usipsNcmecApi" version_id="0" version_string="1.0.0"><![CDATA[]]></phrase>
  <phrase title="option_explain.usipsNcmecDefaultTimespan" version_id="0" version_string="1.0.0"><![CDATA[Certain moderation actions automatically grab recently created content by the user. This is to help reduce false positives when dealing with an older compromised account. You may change the search range for these actions.

0 is <strong>all</strong> content.]]></phrase>
  <phrase title="option_explain.usipsNcmecReporterCompanyTemplate" version_id="0" version_string="1.0.0"><![CDATA[Supplied on all reports as <a href="https://exttest.cybertip.org/ispws/documentation/index.html#reporter">/report/reporter/companyTemplate</a>]]></phrase>
  <phrase title="option_explain.usipsNcmecReporterContactPerson" version_id="0" version_string="1.0.0"><![CDATA[Supplied on all reports as <a href="https://exttest.cybertip.org/ispws/documentation/index.html#reporter">/report/reporter/contactPerson</a>]]></phrase>
  <phrase title="option_group.usips_ncmec" version_id="0" version_string="1.0.0"><![CDATA[NCMEC Reporting]]></phrase>
  <phrase title="option_group_description.usips_ncmec" version_id="0" version_string="1.0.0"><![CDATA[NCMEC reporting credentials and environment settings.]]></phrase>
  <phrase title="permission.general_usipsNcmecReportEmergency" version_id="0" version_string="1.0.0"><![CDATA[[NCMEC] Report content as emergency]]></phrase>
  <phrase title="registration_disabled" version_id="0" version_string="1.0.0"><![CDATA[Registrations disabled]]></phrase>
  <phrase title="registrations_enabled" version_id="0" version_string="1.0.0"><![CDATA[Registrations enabled]]></phrase>
  <phrase title="report_state.flag_as_csam" version_id="0" version_string="1.0.0"><![CDATA[Flag as CSAM]]></phrase>
  <phrase title="user_field_choice.usips_ncmec_in_incident_0" version_id="0" version_string="1.0.0"><![CDATA[No]]></phrase>
  <phrase title="user_field_choice.usips_ncmec_in_incident_1" version_id="0" version_string="1.0.0"><![CDATA[Yes]]></phrase>
  <phrase title="user_field_desc.usips_ncmec_in_incident" version_id="0" version_string="1.0.0"><![CDATA[If set to true, this user is attached to an ongoing incident report. This is useful for setting up UserPromotions to disable features like attachments.]]></phrase>
  <phrase title="user_field_title.usips_ncmec_in_incident" version_id="0" version_string="1.0.0"><![CDATA[Active in NCMEC Incident]]></phrase>
  <phrase title="usips_ncmec_add_person" version_id="0" version_string="1.0.0"><![CDATA[Add Person]]></phrase>
  <phrase title="usips_ncmec_add_to_existing_case" version_id="0" version_string="1.0.0"><![CDATA[Add to existing case]]></phrase>
  <phrase title="usips_ncmec_additional_info" version_id="0" version_string="1.0.0"><![CDATA[Additional Info]]></phrase>
  <phrase title="usips_ncmec_additional_info_explain" version_id="0" version_string="1.0.0"><![CDATA[Passed as a value in the <a href="https://report.cybertip.org/ispws/documentation/index.html#xml-report">/report/additionalInfo</a> if provided.]]></phrase>
  <phrase title="usips_ncmec_age_selector_explain" version_id="0" version_string="1.0.0"><![CDATA[NCMEC requests information regarding age for offenders and victims.]]></phrase>
  <phrase title="usips_ncmec_api_configured" version_id="0" version_string="1.0.0"><![CDATA[API configured]]></phrase>
  <phrase title="usips_ncmec_api_error_x" version_id="0" version_string="1.0.0"><![CDATA[API error: {error}]]></phrase>
  <phrase title="usips_ncmec_api_logs" version_id="0" version_string="1.0.0"><![CDATA[API logs]]></phrase>
  <phrase title="usips_ncmec_api_not_configured" version_id="0" version_string="1.0.0"><![CDATA[The NCMEC API has not been configured.]]></phrase>
  <phrase title="usips_ncmec_api_status" version_id="0" version_string="1.0.0"><![CDATA[NCMEC API Status]]></phrase>
  <phrase title="usips_ncmec_archive" version_id="0" version_string="1.0.0"><![CDATA[Archive]]></phrase>
  <phrase title="usips_ncmec_assign_case" version_id="0" version_string="1.0.0"><![CDATA[Assign case]]></phrase>
  <phrase title="usips_ncmec_assign_case_description" version_id="0" version_string="1.0.0"><![CDATA[Select an existing case for the selected incidents (currently {count}) or choose to create a new one.]]></phrase>
  <phrase title="usips_ncmec_associate" version_id="0" version_string="1.0.0"><![CDATA[Associate]]></phrase>
  <phrase title="usips_ncmec_associate_users" version_id="0" version_string="1.0.0"><![CDATA[Associate users]]></phrase>
  <phrase title="usips_ncmec_associate_with_incident" version_id="0" version_string="1.0.0"><![CDATA[Associate with Incident]]></phrase>
  <phrase title="usips_ncmec_associated_accounts" version_id="0" version_string="1.0.0"><![CDATA[Associated accounts]]></phrase>
  <phrase title="usips_ncmec_associated_attachment_data" version_id="0" version_string="1.0.0"><![CDATA[Associated attachment data]]></phrase>
  <phrase title="usips_ncmec_associated_content" version_id="0" version_string="1.0.0"><![CDATA[Associated content]]></phrase>
  <phrase title="usips_ncmec_associated_users" version_id="0" version_string="1.0.0"><![CDATA[Associated users]]></phrase>
  <phrase title="usips_ncmec_associating_user_with_incident" version_id="0" version_string="1.0.0"><![CDATA[Associating users with incident]]></phrase>
  <phrase title="usips_ncmec_attachments" version_id="0" version_string="1.0.0"><![CDATA[Attachments]]></phrase>
  <phrase title="usips_ncmec_cannot_delete_preservation_required" version_id="0" version_string="1.0.0"><![CDATA[Preservation of this entity is required persuant to 18 U.S.C. § 2258A(h)(1) and 18 U.S. Code § 2703.]]></phrase>
  <phrase title="usips_ncmec_cannot_edit_finished_report" version_id="0" version_string="1.0.0"><![CDATA[You cannot edit a submitted report.]]></phrase>
  <phrase title="usips_ncmec_case" version_id="0" version_string="1.0.0"><![CDATA[Case]]></phrase>
  <phrase title="usips_ncmec_case_created_on_x" version_id="0" version_string="1.0.0"><![CDATA[Case created on {datetime}]]></phrase>
  <phrase title="usips_ncmec_case_delete_warning_incidents_unassigned" version_id="0" version_string="1.0.0"><![CDATA[Incidents assigned to this case will be unassigned but will not be deleted.]]></phrase>
  <phrase title="usips_ncmec_case_details" version_id="0" version_string="1.0.0"><![CDATA[Case details]]></phrase>
  <phrase title="usips_ncmec_case_finalized" version_id="0" version_string="1.0.0"><![CDATA[Finalized]]></phrase>
  <phrase title="usips_ncmec_case_finalized_cannot_delete" version_id="0" version_string="1.0.0"><![CDATA[This case has been finalized and cannot be deleted.]]></phrase>
  <phrase title="usips_ncmec_case_finalized_cannot_edit" version_id="0" version_string="1.0.0"><![CDATA[Case is finalized and cannot be edited]]></phrase>
  <phrase title="usips_ncmec_case_finalized_desc" version_id="0" version_string="1.0.0"><![CDATA[Case is finalized and can be submitted to NCMEC. No further modifications are permitted.]]></phrase>
  <phrase title="usips_ncmec_case_has_reports_cannot_delete" version_id="0" version_string="1.0.0"><![CDATA[This case has reports associated with it and cannot be deleted.]]></phrase>
  <phrase title="usips_ncmec_case_resubmit" version_id="0" version_string="1.0.0"><![CDATA[Resubmit case]]></phrase>
  <phrase title="usips_ncmec_case_resubmit_message" version_id="0" version_string="1.0.0"><![CDATA[This case failed to submit. Click below to retry submission.]]></phrase>
  <phrase title="usips_ncmec_case_statistics" version_id="0" version_string="1.0.0"><![CDATA[Case statistics]]></phrase>
  <phrase title="usips_ncmec_case_submit" version_id="0" version_string="1.0.0"><![CDATA[Submit case]]></phrase>
  <phrase title="usips_ncmec_case_submitted" version_id="0" version_string="1.0.0"><![CDATA[Submitted]]></phrase>
  <phrase title="usips_ncmec_case_submitted_desc" version_id="0" version_string="1.0.0"><![CDATA[Case has been finalized and reported to NCMEC.]]></phrase>
  <phrase title="usips_ncmec_cases" version_id="0" version_string="1.0.0"><![CDATA[Cases]]></phrase>
  <phrase title="usips_ncmec_child_victim" version_id="0" version_string="1.0.0"><![CDATA[Child victim]]></phrase>
  <phrase title="usips_ncmec_configure_api" version_id="0" version_string="1.0.0"><![CDATA[Configure API]]></phrase>
  <phrase title="usips_ncmec_confirm_associating_x_users" version_id="0" version_string="1.0.0"><![CDATA[Confirm associating these {total} users with an NCMEC Incident]]></phrase>
  <phrase title="usips_ncmec_confirm_delete_incident" version_id="0" version_string="1.0.0"><![CDATA[Are you sure you want to delete the incident "{title}"? This action cannot be undone.]]></phrase>
  <phrase title="usips_ncmec_confirm_finalize_permanent" version_id="0" version_string="1.0.0"><![CDATA[This action is permanent.]]></phrase>
  <phrase title="usips_ncmec_confirm_incident_deletion" version_id="0" version_string="1.0.0"><![CDATA[Confirm deletion of draft incident]]></phrase>
  <phrase title="usips_ncmec_connection_error_x" version_id="0" version_string="1.0.0"><![CDATA[Connection error: {error}]]></phrase>
  <phrase title="usips_ncmec_connection_successful" version_id="0" version_string="1.0.0"><![CDATA[Connection successful.]]></phrase>
  <phrase title="usips_ncmec_content_posted_between_x_and_y" version_id="0" version_string="1.0.0"><![CDATA[Content was created between {start} and {end}]]></phrase>
  <phrase title="usips_ncmec_content_posted_on_x" version_id="0" version_string="1.0.0"><![CDATA[Content was created on {date}]]></phrase>
  <phrase title="usips_ncmec_content_time_limit" version_id="0" version_string="1.0.0"><![CDATA[Content time limit]]></phrase>
  <phrase title="usips_ncmec_content_time_limit_explain" version_id="0" version_string="1.0.0"><![CDATA[User generated content authored within this timespan will be associated with this incident.]]></phrase>
  <phrase title="usips_ncmec_content_time_limit_explain_batch" version_id="0" version_string="1.0.0"><![CDATA[All matched users will be added to this incident. Their content will also be added to the incident if it is within this timeframe. You may not want to associate entire post histories when dealing with compromised accounts.]]></phrase>
  <phrase title="usips_ncmec_create_case" version_id="0" version_string="1.0.0"><![CDATA[Create case]]></phrase>
  <phrase title="usips_ncmec_create_incident" version_id="0" version_string="1.0.0"><![CDATA[Create incident]]></phrase>
  <phrase title="usips_ncmec_create_new_case" version_id="0" version_string="1.0.0"><![CDATA[Create new case]]></phrase>
  <phrase title="usips_ncmec_create_new_case_option" version_id="0" version_string="1.0.0"><![CDATA[Create a new case]]></phrase>
  <phrase title="usips_ncmec_create_new_incident" version_id="0" version_string="1.0.0"><![CDATA[Create new incident]]></phrase>
  <phrase title="usips_ncmec_create_report" version_id="0" version_string="1.0.0"><![CDATA[Create Report]]></phrase>
  <phrase title="usips_ncmec_created_by" version_id="0" version_string="1.0.0"><![CDATA[Created by]]></phrase>
  <phrase title="usips_ncmec_created_on" version_id="0" version_string="1.0.0"><![CDATA[Created on]]></phrase>
  <phrase title="usips_ncmec_dashboard" version_id="0" version_string="1.0.0"><![CDATA[NCMEC Reporting Dashboard]]></phrase>
  <phrase title="usips_ncmec_default_contact_person" version_id="0" version_string="1.0.0"><![CDATA[Default contact person
]]></phrase>
  <phrase title="usips_ncmec_disassociate" version_id="0" version_string="1.0.0"><![CDATA[Disassociate]]></phrase>
  <phrase title="usips_ncmec_draft" version_id="0" version_string="1.0.0"><![CDATA[Draft]]></phrase>
  <phrase title="usips_ncmec_edit_case" version_id="0" version_string="1.0.0"><![CDATA[Edit case]]></phrase>
  <phrase title="usips_ncmec_edit_person" version_id="0" version_string="1.0.0"><![CDATA[Edit Person]]></phrase>
  <phrase title="usips_ncmec_emergency_report_default_message" version_id="0" version_string="1.0.0"><![CDATA[Report was submitted as an emergency.]]></phrase>
  <phrase title="usips_ncmec_endpoint" version_id="0" version_string="1.0.0"><![CDATA[Endpoint]]></phrase>
  <phrase title="usips_ncmec_env_live" version_id="0" version_string="1.0.0"><![CDATA[Live Environment]]></phrase>
  <phrase title="usips_ncmec_env_test" version_id="0" version_string="1.0.0"><![CDATA[Test Environment]]></phrase>
  <phrase title="usips_ncmec_environment" version_id="0" version_string="1.0.0"><![CDATA[Environment]]></phrase>
  <phrase title="usips_ncmec_environment_live" version_id="1" version_string="1.0.1"><![CDATA[You are submitting to the <strong>Live Environment</strong>. NCMEC will receive and review this report.]]></phrase>
  <phrase title="usips_ncmec_environment_test" version_id="0" version_string="1.0.0"><![CDATA[You are submitting to the <strong>Test Environment</strong>. Actual reports and material should not be sent to this environment.]]></phrase>
  <phrase title="usips_ncmec_error_incident_type_required" version_id="0" version_string="1.0.0"><![CDATA[Incident type is required before finalizing the case. Please select an incident type.]]></phrase>
  <phrase title="usips_ncmec_error_no_incidents" version_id="0" version_string="1.0.0"><![CDATA[Case must have at least one incident before it can be finalized.]]></phrase>
  <phrase title="usips_ncmec_error_reporter_person_required" version_id="0" version_string="1.0.0"><![CDATA[Reporter contact person is required before finalizing the case. Please select a reporting person.]]></phrase>
  <phrase title="usips_ncmec_esp_credentials" version_id="0" version_string="1.0.0"><![CDATA[ESP credentials]]></phrase>
  <phrase title="usips_ncmec_esp_credentials_explain" version_id="0" version_string="1.0.0"><![CDATA[Enter your basic access authentication credentials provided by the NCMEC for your ESP. These should arrive by email in a password-protected PDF, the password for which is provided in another email.]]></phrase>
  <phrase title="usips_ncmec_existing_incident" version_id="0" version_string="1.0.0"><![CDATA[Existing incident]]></phrase>
  <phrase title="usips_ncmec_failed_lines" version_id="0" version_string="1.0.0"><![CDATA[Rejected Input]]></phrase>
  <phrase title="usips_ncmec_finalize_case" version_id="0" version_string="1.0.0"><![CDATA[Finalize case]]></phrase>
  <phrase title="usips_ncmec_finalize_case_confirm_text" version_id="0" version_string="1.0.0"><![CDATA[Please confirm that you wish to finalize this case.]]></phrase>
  <phrase title="usips_ncmec_finalize_deletion_warning" version_id="0" version_string="1.0.0"><![CDATA[All associated content will be permanently deleted.]]></phrase>
  <phrase title="usips_ncmec_finalized" version_id="0" version_string="1.0.0"><![CDATA[Finalized]]></phrase>
  <phrase title="usips_ncmec_first_name" version_id="0" version_string="1.0.0"><![CDATA[First name]]></phrase>
  <phrase title="usips_ncmec_incident" version_id="0" version_string="1.0.0"><![CDATA[Incident]]></phrase>
  <phrase title="usips_ncmec_incident_date_time" version_id="0" version_string="1.0.0"><![CDATA[Incident time]]></phrase>
  <phrase title="usips_ncmec_incident_date_time_desc" version_id="0" version_string="1.0.0"><![CDATA[Incident time description]]></phrase>
  <phrase title="usips_ncmec_incident_date_time_desc_explain" version_id="0" version_string="1.0.0"><![CDATA[Additional information related to when the incident occured.]]></phrase>
  <phrase title="usips_ncmec_incident_date_time_explain" version_id="0" version_string="1.0.0"><![CDATA[Fixes to the earliest date of content associated with report.]]></phrase>
  <phrase title="usips_ncmec_incident_finalized_cannot_delete" version_id="0" version_string="1.0.0"><![CDATA[Incident is finalized and cannot be modified or deleted]]></phrase>
  <phrase title="usips_ncmec_incident_status" version_id="0" version_string="1.0.0"><![CDATA[Incident status]]></phrase>
  <phrase title="usips_ncmec_incident_summary" version_id="0" version_string="1.0.0"><![CDATA[Incident summary]]></phrase>
  <phrase title="usips_ncmec_incident_type" version_id="0" version_string="1.0.0"><![CDATA[Incident type]]></phrase>
  <phrase title="usips_ncmec_incident_type_explain" version_id="0" version_string="1.0.0"><![CDATA[Category of the incident.<br />
See: <a href="https://exttest.cybertip.org/ispws/documentation/index.html#incident-summary">/report/incidentSummary/incidentType</a>]]></phrase>
  <phrase title="usips_ncmec_incident_user" version_id="0" version_string="1.0.0"><![CDATA[User involved in Incident]]></phrase>
  <phrase title="usips_ncmec_incidents" version_id="0" version_string="1.0.0"><![CDATA[Incidents]]></phrase>
  <phrase title="usips_ncmec_incidents_archive" version_id="0" version_string="1.0.0"><![CDATA[Archived Incidents]]></phrase>
  <phrase title="usips_ncmec_inferred_from_incident" version_id="0" version_string="1.0.0"><![CDATA[Inferred from incidents]]></phrase>
  <phrase title="usips_ncmec_inferred_from_incident_content" version_id="0" version_string="1.0.0"><![CDATA[Inferred from content associated with incident]]></phrase>
  <phrase title="usips_ncmec_inferred_from_incident_users" version_id="0" version_string="1.0.0"><![CDATA[Inferred from users associated with incident]]></phrase>
  <phrase title="usips_ncmec_intended_recipient" version_id="0" version_string="1.0.0"><![CDATA[Intended recipient]]></phrase>
  <phrase title="usips_ncmec_internet_details" version_id="0" version_string="1.0.0"><![CDATA[Internet details]]></phrase>
  <phrase title="usips_ncmec_invalid_case" version_id="0" version_string="1.0.0"><![CDATA[Invalid case]]></phrase>
  <phrase title="usips_ncmec_invalid_case_selection" version_id="0" version_string="1.0.0"><![CDATA[Please select a valid case.]]></phrase>
  <phrase title="usips_ncmec_invalid_response_from_server" version_id="0" version_string="1.0.0"><![CDATA[Invalid response from NCMEC server.]]></phrase>
  <phrase title="usips_ncmec_last_name" version_id="0" version_string="1.0.0"><![CDATA[Last name]]></phrase>
  <phrase title="usips_ncmec_last_updated_on" version_id="0" version_string="1.0.0"><![CDATA[Last updated on]]></phrase>
  <phrase title="usips_ncmec_law_enforcement" version_id="0" version_string="1.0.0"><![CDATA[Law enforcement]]></phrase>
  <phrase title="usips_ncmec_live" version_id="1" version_string="1.0.1"><![CDATA[Live]]></phrase>
  <phrase title="usips_ncmec_lookup" version_id="0" version_string="1.0.0"><![CDATA[Attachment Lookup]]></phrase>
  <phrase title="usips_ncmec_lookup_description" version_id="0" version_string="1.0.0"><![CDATA[https://domain.com/attachments/1762288299348-png.8126290/
attachments/1762288299348-png.8126290/
https://uploads.domain.com/data/attachments/8113/8113544-e4c0ef8591c22203a8f61a0ec01f86d4.jpg
8113544-e4c0ef8591c22203a8f61a0ec01f86d4.jpg
https://uploads.domain.com/data/video/8113/8113855-c576e900752e0e9a518a0e649185d70e.mp4
8113855-c576e900752e0e9a518a0e649185d70e.mp4
internal_data/attachments/8112/8112987-6d3b1c717417cb17a5bce52b21307a14.data
8112987-6d3b1c717417cb17a5bce52b21307a14.data]]></phrase>
  <phrase title="usips_ncmec_lookup_guide" version_id="0" version_string="1.0.0"><![CDATA[Paste URLs below to select them for moderation actions.]]></phrase>
  <phrase title="usips_ncmec_lookup_reattempt" version_id="0" version_string="1.0.0"><![CDATA[Lookup and Collect]]></phrase>
  <phrase title="usips_ncmec_lookup_restart" version_id="0" version_string="1.0.0"><![CDATA[Lookup and Forget]]></phrase>
  <phrase title="usips_ncmec_lookup_submit" version_id="0" version_string="1.0.0"><![CDATA[Lookup]]></phrase>
  <phrase title="usips_ncmec_new_case_title_hint" version_id="0" version_string="1.0.0"><![CDATA[Used when creating a new case; leave as-is for the default title.]]></phrase>
  <phrase title="usips_ncmec_new_incident_will_be_created" version_id="0" version_string="1.0.0"><![CDATA[A new incident will be created.]]></phrase>
  <phrase title="usips_ncmec_no_open_incidents" version_id="0" version_string="1.0.0"><![CDATA[No open incidents]]></phrase>
  <phrase title="usips_ncmec_not_yet_supported" version_id="0" version_string="1.0.0"><![CDATA[Not yet supported]]></phrase>
  <phrase title="usips_ncmec_people" version_id="0" version_string="1.0.0"><![CDATA[People]]></phrase>
  <phrase title="usips_ncmec_person_or_user_reported" version_id="0" version_string="1.0.0"><![CDATA[Person or user reported]]></phrase>
  <phrase title="usips_ncmec_platform" version_id="0" version_string="1.0.0"><![CDATA[Platform]]></phrase>
  <phrase title="usips_ncmec_platform_explain" version_id="0" version_string="1.0.0"><![CDATA[Platform name defaults to boardTitle.]]></phrase>
  <phrase title="usips_ncmec_please_confirm_that_you_want_to_unassign_incident_from_case" version_id="0" version_string="1.0.0"><![CDATA[Please confirm that you want to unassign this incident from this case.]]></phrase>
  <phrase title="usips_ncmec_quick_actions" version_id="0" version_string="1.0.0"><![CDATA[Immediate Response]]></phrase>
  <phrase title="usips_ncmec_receipts" version_id="0" version_string="1.0.0"><![CDATA[Receipts]]></phrase>
  <phrase title="usips_ncmec_remove_content_confirm" version_id="0" version_string="1.0.0"><![CDATA[Are you sure you want to remove "{title}" from this incident?]]></phrase>
  <phrase title="usips_ncmec_remove_content_from_incident" version_id="0" version_string="1.0.0"><![CDATA[Remove content from incident]]></phrase>
  <phrase title="usips_ncmec_remove_user" version_id="0" version_string="1.0.0"><![CDATA[Remove user]]></phrase>
  <phrase title="usips_ncmec_remove_user_from_incident" version_id="0" version_string="1.0.0"><![CDATA[Remove user from incident]]></phrase>
  <phrase title="usips_ncmec_remove_user_from_incident_confirm" version_id="0" version_string="1.0.0"><![CDATA[Please confirm removing {user} and all associated content and uploads from "{incident}".]]></phrase>
  <phrase title="usips_ncmec_report" version_id="0" version_string="1.0.0"><![CDATA[NCMEC Report]]></phrase>
  <phrase title="usips_ncmec_report_annotations" version_id="0" version_string="1.0.0"><![CDATA[Report annotations]]></phrase>
  <phrase title="usips_ncmec_report_annotations_explain" version_id="0" version_string="1.0.0"><![CDATA[Select all that apply.<br />
See: <a href="https://exttest.cybertip.org/ispws/documentation/index.html#xml-report-annotations">/report/incidentSummary/reportAnnotations</a>]]></phrase>
  <phrase title="usips_ncmec_report_created_on_x" version_id="0" version_string="1.0.0"><![CDATA[Report created on {datetime}]]></phrase>
  <phrase title="usips_ncmec_report_flagged_as_csam" version_id="0" version_string="1.0.0"><![CDATA[Reported content has been flagged as CSAM.]]></phrase>
  <phrase title="usips_ncmec_report_id" version_id="0" version_string="1.0.0"><![CDATA[NCMEC ID]]></phrase>
  <phrase title="usips_ncmec_report_logs" version_id="0" version_string="1.0.0"><![CDATA[Report Logs]]></phrase>
  <phrase title="usips_ncmec_report_type" version_id="0" version_string="1.0.0"><![CDATA[Report type]]></phrase>
  <phrase title="usips_ncmec_report_type_emergency" version_id="0" version_string="1.0.0"><![CDATA[Emergency report]]></phrase>
  <phrase title="usips_ncmec_report_type_explain" version_id="0" version_string="1.0.0"><![CDATA[Please use emergency reports only for violations of law which require immediate attention.]]></phrase>
  <phrase title="usips_ncmec_report_type_standard" version_id="0" version_string="1.0.0"><![CDATA[Standard report]]></phrase>
  <phrase title="usips_ncmec_reported_person" version_id="0" version_string="1.0.0"><![CDATA[Reported person]]></phrase>
  <phrase title="usips_ncmec_reported_person_warning" version_id="0" version_string="1.0.0"><![CDATA[If a Person is not assigned as the Reported Person, each User will be assigned their own NCMEC Report. Adding a Person will create a single report.]]></phrase>
  <phrase title="usips_ncmec_reporter" version_id="0" version_string="1.0.0"><![CDATA[Reporter]]></phrase>
  <phrase title="usips_ncmec_reporter_company_template" version_id="0" version_string="1.0.0"><![CDATA[Reporter company template
]]></phrase>
  <phrase title="usips_ncmec_reports" version_id="0" version_string="1.0.0"><![CDATA[Reports]]></phrase>
  <phrase title="usips_ncmec_reports_archive" version_id="0" version_string="1.0.0"><![CDATA[Finalized Reports]]></phrase>
  <phrase title="usips_ncmec_response_code" version_id="0" version_string="1.0.0"><![CDATA[Code]]></phrase>
  <phrase title="usips_ncmec_save_configuration" version_id="0" version_string="1.0.0"><![CDATA[Save configuration]]></phrase>
  <phrase title="usips_ncmec_select_incidents_for_case" version_id="0" version_string="1.0.0"><![CDATA[Select incidents for case]]></phrase>
  <phrase title="usips_ncmec_start_finalizing" version_id="0" version_string="1.0.0"><![CDATA[Start Finalizing]]></phrase>
  <phrase title="usips_ncmec_status" version_id="1" version_string="1.0.1"><![CDATA[Status]]></phrase>
  <phrase title="usips_ncmec_step_1_incident_summary" version_id="0" version_string="1.0.0"><![CDATA[Incident Summary]]></phrase>
  <phrase title="usips_ncmec_terms_of_service_link" version_id="0" version_string="1.0.0"><![CDATA[Terms of service link]]></phrase>
  <phrase title="usips_ncmec_test" version_id="0" version_string="1.0.0"><![CDATA[Test]]></phrase>
  <phrase title="usips_ncmec_test_connection" version_id="0" version_string="1.0.0"><![CDATA[Test connection]]></phrase>
  <phrase title="usips_ncmec_unable_to_flag_content" version_id="0" version_string="1.0.0"><![CDATA[Error attempting to flag content. Report this issue.]]></phrase>
  <phrase title="usips_ncmec_unassign" version_id="0" version_string="1.0.0"><![CDATA[Unassign]]></phrase>
  <phrase title="usips_ncmec_unassign_incident_from_case" version_id="0" version_string="1.0.0"><![CDATA[Unassign incident from case]]></phrase>
  <phrase title="usips_ncmec_unique_users" version_id="0" version_string="1.0.0"><![CDATA[Unique users]]></phrase>
  <phrase title="usips_ncmec_use_default_timespan" version_id="0" version_string="1.0.0"><![CDATA[Use default ({duration})]]></phrase>
  <phrase title="usips_ncmec_view_case" version_id="0" version_string="1.0.0"><![CDATA[View case]]></phrase>
  <phrase title="usips_ncmec_x_created_emregency_report_y" version_id="0" version_string="1.0.0"><![CDATA[{name} created an <strong>emergency report</strong> concerning {title}.]]></phrase>
  <phrase title="usips_ncmec_you_must_confirm_to_proceed" version_id="0" version_string="1.0.0"><![CDATA[You must confirm your intention to associate users with an incident to proceed.]]></phrase>
</phrases>
